end_time_s,background_filtered_target_amp,without_filtered_target_amp,with_filtered_target_amp
0.2,0.00012143936639203535,0.5887744215682456,0.18522973508865953
0.3,7.59672922666714e-06,0.6318797384206135,0.21486947602877787
0.4,6.485365868463429e-06,0.6279232263010686,0.2097998793725952
0.5,1.5992149720686056e-06,0.5930252334998858,0.2240609951845162
0.6,1.3963428884349497e-06,0.6162027153441347,0.21165667327025314
0.7,5.222320005538061e-07,0.6074287047813286,0.18549113494880662
0.8,4.815512609946886e-07,0.6005757303399756,0.20647038191265715
0.9,2.1016942114635247e-07,0.5956918628006548,0.19840189038156564
1.0,2.1365796627011677e-07,0.5844309301213269,0.19998949618994394
1.1,9.726090417972893e-08,0.6118701560280906,0.2013777357460943
1.2,1.109368499832697e-07,0.6012366157352501,0.2008365350138639
1.3,5.0189403942423296e-08,0.5715480180029823,0.2147568993429713
1.4,6.407892487731595e-08,0.5582679203313508,0.21697863251149743
1.5,2.8460427246578493e-08,0.5686111970091212,0.19246461104684986
1.6,3.995469423954055e-08,0.5780563917347706,0.18377816241757444
1.7,1.7598968265114457e-08,0.5497578150456,0.19385654401638575
1.8,2.638457984977782e-08,0.5638357760849315,0.1977260014617099
1.9,1.1794482898386614e-08,0.5752902547341054,0.19068382641629822
2.0,1.8220919828456746e-08,0.5551573077093771,0.1937059787711332
2.1,8.506535079555876e-09,0.5876296528538286,0.22904074217609732
2.2,1.3045933620296291e-08,0.6011117869205951,0.23478855460218565
2.3,6.55314720760398e-09,0.5936814515071224,0.20985028772049147
2.4,9.626619179795548e-09,0.5495677669809854,0.22427900125688818
2.5,5.359669313742962e-09,0.5168752419277179,0.2515112101919077
2.6,7.291767042532346e-09,0.5566822042996198,0.24534424016400286
2.7,4.63913171798933e-09,0.5304486074640131,0.22528736181797102
2.8,5.656717282690128e-09,0.5045448700369133,0.254184289983535
2.9,4.2490474477584e-09,0.5415678370627407,0.2917108896268019
3.0,4.492719591182241e-09,0.5183939209839782,0.27042155536109935
3.1,4.126329754911683e-09,0.5047926925284125,0.22342261203758412
3.2,3.6618476333085795e-09,0.5336000125368155,0.20533130680745434
3.3,4.259437566597986e-09,0.5602312603333821,0.2098921385093426
3.4,3.084541096915979e-09,0.5481510251610213,0.2052849648891713
3.5,4.6806117834758805e-09,0.5100945700438988,0.22496859550477907
3.6,2.7255805553286547e-09,0.5294376448442338,0.23185124759043357
3.7,5.472639285219854e-09,0.5133575308979759,0.20862154762848298
3.8,2.5916717416649664e-09,0.4719784005222069,0.2194538314951447
3.9,6.792374942619223e-09,0.4706080245504608,0.2221159195223877
4.0,2.735026695693221e-09,0.4488325526538442,0.23513869116959987
4.1,8.922291842958291e-09,0.44147418687091067,0.24540026176369603
4.2,3.2611357593107756e-09,0.4767550171967078,0.22905547420369987
4.3,1.2378348934689166e-08,0.4954954208716334,0.2473468662738038
4.4,4.3607544728872525e-09,0.4750280230931839,0.2492731010601408
4.5,1.8143354812078355e-08,0.4453079084662123,0.237648110295141
4.6,6.41425824902054e-09,0.4728778675318337,0.22552922393461666
4.7,2.8205992500679367e-08,0.49867834933224714,0.23264858361742546
4.8,1.0254389547960975e-08,0.46678196012003886,0.23664059137425006
4.9,4.6920475457543404e-08,0.4318392964057882,0.21722513694290616
5.0,1.7855084459921808e-08,0.45801686981389556,0.22795661789967828
5.1,8.484669677549448e-08,0.4803431604345231,0.2633218363095247
5.2,3.4438880076242385e-08,0.4564434089521817,0.27718708823708055
5.3,1.7132806069072812e-07,0.44044117163049923,0.24621670854740582
5.4,7.624394887456946e-08,0.4371888570074717,0.23378386800943832
5.5,4.050022572630608e-07,0.42214902735376747,0.24961438058230506
5.6,2.0750921248727152e-07,0.38034598031537714,0.2547362669363063
5.7,1.228735520975932e-06,0.380685485894756,0.27615491530598546
5.8,8.05814973398096e-07,0.4317962973026257,0.2851576417819557
5.9,5.968211540082599e-06,0.4114361947562625,0.2753120996940859
6.0,6.9829591032004845e-06,0.3872733746277883,0.25506210145565883
6.1,0.00011886013439880485,0.39808072440279074,0.24948780430540815
6.2,0.00019141841632791572,0.37644114085985686,0.2625833197619628
6.3,0.010725499504944239,0.35107754674636993,0.23762447630338668
6.4,0.010198481523571343,0.35731140726358646,0.2144850304927667
6.5,0.0008792640761597841,0.33322274771573723,0.20890853331329953
6.6,2.1806949459888418e-05,0.3267383175141822,0.22213678242049226
6.7,2.2869505505956817e-05,0.3720834050398455,0.26545682877047816
6.8,1.057581938309893e-06,0.41942027057685954,0.2596925707987846
6.9,2.7460993434213228e-06,0.4206721706466633,0.23863004840896582
7.0,2.606872351340996e-07,0.4034463463645857,0.23608940054300473
7.1,7.256495855226613e-07,0.44598176764898484,0.22680255107801045
7.2,9.151882662923495e-08,0.423133757994525,0.23339577797090957
7.3,2.710145898287888e-07,0.3701378486687366,0.24973483698526933
7.4,3.9931342369163433e-08,0.35543080044528325,0.25860032636029107
7.5,1.2365379696268074e-07,0.3719244453134018,0.24977814551524083
7.6,2.0086961857470994e-08,0.3901119295552716,0.2501721373511969
7.7,6.438164987373224e-08,0.42899135584575704,0.2697631528920727
7.8,1.1159006654316054e-08,0.43310312829264574,0.2883133599928598
7.9,3.6840121345253475e-08,0.39141192261739327,0.29452683509061184
8.0,6.661549185736658e-09,0.4166402961140578,0.27416289540786104
8.1,2.264593805621542e-08,0.43809443309180196,0.24896003155032528
8.2,4.191468190866964e-09,0.45060266371807506,0.23615088446637172
8.3,1.4739568682026086e-08,0.4171225384622681,0.272861009291856
8.4,2.7368613259177337e-09,0.37497222986985645,0.2861935212704769
8.5,1.006502428213e-08,0.38616653667856704,0.22584571753210392
8.6,1.8274843412236833e-09,0.41183143339355865,0.22775166603845776
8.7,7.172410447982109e-09,0.48208448580660596,0.2606251294112838
8.8,1.2269981963258077e-09,0.47511182073282326,0.25947659628928105
8.9,5.322791970173361e-09,0.37710279982786843,0.25936677881101966
9.0,8.094174798123e-10,0.33862732248828203,0.25171482118989014
9.1,4.118258554807471e-09,0.3427364674789745,0.29099247579103954
9.2,5.076899522003976e-10,0.374220344687499,0.3424644781211097
9.3,3.336346670920143e-09,0.3926539492785551,0.3117926425492035
9.4,3.0498179998569626e-10,0.3927855602234816,0.28433558646760665
9.5,2.8513758405345653e-09,0.4340120190507824,0.30453768624576505
9.6,2.752935485742616e-10,0.42217905602875433,0.28585848699224603
9.7,2.5959341720995514e-09,0.3546434155842414,0.27334373554244557
9.8,4.4164836551100807e-10,0.34160543846813485,0.24577598058847186
9.9,2.542869800931708e-09,0.3127610374739928,0.20235707162189873
10.0,7.112422349220955e-10,0.3245196278544007,0.22170243276523405
10.1,2.699789294609733e-09,0.3564480936302488,0.24193589092625742
10.2,1.0798771613315023e-09,0.3523519653905215,0.24844279670318556
10.3,3.1142588888355466e-09,0.36068775768144384,0.24253900254749666
10.4,1.597859008151218e-09,0.37086942703078735,0.23486803946648702
10.5,3.893234672661243e-09,0.3398063025758309,0.24829587939415176
10.6,2.3628716532881793e-09,0.29336690736983767,0.24749763165015906
10.7,5.2487314903252716e-09,0.2850255327614819,0.22264780739879575
10.8,3.553730697096928e-09,0.29575450955570387,0.23966972853564525
10.9,7.601286502085301e-09,0.3742946982604922,0.24948628309532453
11.0,5.513704359239725e-09,0.3711426671921651,0.22094258323594715
11.1,1.1826245495525919e-08,0.3389007577780124,0.2434546395621892
11.2,8.949155319070215e-09,0.3254883192937302,0.2766301482425564
11.3,1.9893495547835937e-08,0.3194656925499714,0.2427446584830925
11.4,1.5444686431896895e-08,0.3448769962659107,0.213122332588544
11.5,3.673871470836861e-08,0.3709326217340135,0.22101120964042917
11.6,2.896513422072959e-08,0.38029386812185206,0.22865028048904487
11.7,7.668115404630339e-08,0.38318102695287815,0.2166112348923469
11.8,6.095566582923101e-08,0.3860879301584591,0.2168320606433069
11.9,1.9093508806171e-07,0.4085815966796762,0.2105573321719228
12.0,1.515302456754233e-07,0.46697790858820165,0.1962204695742955
12.1,6.33628820687899e-07,0.4563498931180108,0.24125270805746937
12.2,4.829168726231967e-07,0.3720720977795252,0.24206586996076093
12.3,3.7410088421627484e-06,0.36626339078463455,0.19070627675444232
12.4,1.9321404380120868e-06,0.372763578387181,0.17910615404794028
12.5,0.00021342271308676501,0.33760343441000074,0.17860126850338887
12.6,0.00011806623480042429,0.3710147633323437,0.17947459036661007
12.7,0.009827706937453322,0.3903830973451231,0.19603970217394068
12.8,0.009863597892766907,0.3811269706914179,0.2221268052777098
12.9,0.00039554102098098514,0.3639437492298494,0.24202525656890006
13.0,4.766808806281511e-05,0.3916001704940424,0.23875418114589547
13.1,3.991900981066176e-06,0.4160932468809114,0.20661944004761285
13.2,2.097562206936324e-06,0.35896410231541404,0.19733024303238428
13.3,6.576600614259332e-07,0.3384562796287125,0.22844066273314667
13.4,4.0495511269526613e-07,0.4330309191093948,0.24432267515132075
13.5,1.959696468994532e-07,0.485510674543163,0.2347751908996175
13.6,1.2854442256319603e-07,0.4198694974595197,0.22160229953878968
13.7,7.810676351358106e-08,0.4123840461658299,0.21603180393382837
13.8,5.300617562783526e-08,0.45332221998778593,0.21026271521517487
13.9,3.712316016869808e-08,0.44177781405698563,0.23611638618355052
14.0,2.5740222718844366e-08,0.4618730383858247,0.23708349303265655
14.1,1.9869611683021664e-08,0.4662533610811718,0.21997243294256347
14.2,1.3991051608023057e-08,0.4444045482236554,0.20775783755729585
14.3,1.158726818480934e-08,0.46815510657318066,0.18825238476116313
14.4,8.263299529398848e-09,0.45064440181876114,0.22558700204407015
14.5,7.20995514716907e-09,0.391474460554525,0.22675205096023418
14.6,5.204952368701011e-09,0.4021849141051059,0.18452437141604403
14.7,4.719284115030261e-09,0.46131161686590516,0.1890915136097794
14.8,3.4539629979777002e-09,0.4997172787658403,0.19125127382978424
14.9,3.216543947907345e-09,0.4918027233782309,0.183488470948573
15.0,2.3949705814772103e-09,0.45005640529394875,0.1841112593854889
15.1,2.265407656842995e-09,0.4514699718383363,0.19440875115128936
15.2,1.7259000736602363e-09,0.4843450460782932,0.17747023835353012
15.3,1.6388069311252982e-09,0.48057287462616644,0.1836161859756975
15.4,1.2882277674710553e-09,0.4671114958907064,0.2469125536651862
15.5,1.2116351223174932e-09,0.4466751184123627,0.27966842307059375
15.6,9.94080617166368e-10,0.42432640605277927,0.2695939697923524
15.7,9.115882445653335e-10,0.42854902284785273,0.19623361210196197
15.8,7.924799256143036e-10,0.44383290297377664,0.20304408898696763
15.9,6.951446655036358e-10,0.46772778882569227,0.2457342354744351
16.0,6.52699708277907e-10,0.45225864751400896,0.1874236585081841
16.1,5.351744861150841e-10,0.38627140407432664,0.1797352148528449
16.2,5.556144350428632e-10,0.4028563530458786,0.2260319200967267
16.3,4.1424703259479754e-10,0.43424952571086,0.2583824376450746
16.4,4.889910397577246e-10,0.4327284726076388,0.26171191894126655
16.5,3.208739370771531e-10,0.4112046477889577,0.2838510998434785
16.6,4.4482731443422396e-10,0.3822405747491899,0.26319859295633724
16.7,2.4733837007795084e-10,0.4109031213377933,0.23266002388026177
16.8,4.1780108784092324e-10,0.3980227373546953,0.24050209542964615
16.9,1.8843361681805124e-10,0.3931973487298308,0.253927655823672
17.0,4.043471300838191e-10,0.4464918992413003,0.27554080636645656
17.1,1.407929329602998e-10,0.4487653225457533,0.27010223011813633
17.2,4.020996014201357e-10,0.4112142314388125,0.22256147390450398
17.3,1.027608905679258e-10,0.40685108340047016,0.18645395004874568
17.4,4.095511061833893e-10,0.4388362100470688,0.23434654502947752
17.5,7.507936020510067e-11,0.4640323688751911,0.26167407597286013
17.6,4.25841958705465e-10,0.408390893090079,0.2341233607927504
17.7,6.21517862196025e-11,0.39479277633106635,0.18091837030579597
17.8,4.5063013689451937e-10,0.4390695197853297,0.19491466418079542
17.9,6.792703215497662e-11,0.4399260555757559,0.24449183675570677
18.0,4.840149222738784e-10,0.410210251976049,0.26200628394462816
18.1,8.753693135080171e-11,0.424128746988223,0.2450594274367076
18.2,5.26500173910228e-10,0.4354613907579423,0.1967796600587194
18.3,1.1443903437916808e-10,0.4031328271021986,0.20858779115646656
18.4,5.789904922857332e-10,0.3947566323273651,0.23683082101207692
18.5,1.459486376538383e-10,0.384496344926948,0.23060410867056247
18.6,6.428183629586288e-10,0.36598138654382034,0.22423694421160573
18.7,1.8165383532137322e-10,0.36866209338518774,0.19677072640119395
18.8,7.198030627526959e-10,0.3978868746370654,0.18899663098998787
18.9,2.2211924068198258e-10,0.39733823621271214,0.19159264890243122
19.0,8.123462466980928e-10,0.3876546417889655,0.24207205241946028
19.1,2.684419227246059e-10,0.3878545971127405,0.34536533770876265
19.2,9.235722688170043e-10,0.3631149286264548,0.356396446005101
19.3,3.221504178045268e-10,0.34557210190940213,0.3010158970094094
19.4,1.0575268279847313e-09,0.3832449577886014,0.28231294478862745
19.5,3.852438560813758e-10,0.40002036348726056,0.24912964681162206
19.6,1.2194546258996658e-09,0.37505826771633954,0.19522583878415303
19.7,4.603125639654262e-10,0.3739945810588933,0.21244628869863721
19.8,1.4161870754438876e-09,0.3659720901269871,0.2112250581124755
19.9,5.507338621422013e-10,0.3454898140392245,0.21464501464643346
20.0,1.65668671094414e-09,0.30975176392439596,0.2747578611104203
20.1,6.609611936878119e-10,0.3211074617336484,0.24516561703912168
20.2,1.9528191305379424e-09,0.3584096899065689,0.23743818439191888
20.3,7.969451628492621e-10,0.37735869707126873,0.23039589911106048
20.4,2.320460965080923e-09,0.3732214767410687,0.20366893759953844
20.5,9.667510206242325e-10,0.34459885519601635,0.23491586281808863
20.6,2.7811129587366575e-09,0.3782999656034108,0.25266333808079483
20.7,1.1814774025578285e-09,0.3787485754027544,0.24660173350038947
20.8,3.364286703662811e-09,0.3317631454989352,0.2485196037344204
20.9,1.4566476633664988e-09,0.3114694730069807,0.2601512553863751
21.0,4.11109969896366e-09,0.30017973591305586,0.2120815860719344
21.1,1.8143594980470644e-09,0.2928466088620322,0.1721356085702407
21.2,5.0797991594554754e-09,0.2924886590284602,0.15813323697326775
21.3,2.2866803883563864e-09,0.31075293958345357,0.16748265054091113
21.4,6.354438297326119e-09,0.3093270564262797,0.20455722116330294
21.5,2.9211436204164136e-09,0.3024069756368312,0.20767585301492833
21.6,8.058842743427846e-09,0.3122786832663627,0.22528040806868968
21.7,3.789889366045454e-09,0.31456421490716535,0.2654773329555855
21.8,1.0379718750916033e-08,0.3134393733516885,0.23469468764663148
21.9,5.005336258623465e-09,0.3170190078471864,0.20105845131711064
22.0,1.3606090332009e-08,0.2874157109578349,0.24138081149322768
22.1,6.747980799654924e-09,0.26582992837862235,0.25357492828563344
22.2,1.8199016817689577e-08,0.2551380819084233,0.2622804362206831
22.3,9.317651781189183e-09,0.25504943437573174,0.2741415489166942
22.4,2.491992718638272e-08,0.26280365335129824,0.2335389105398374
22.5,1.3232275316089385e-08,0.21092936102357662,0.20326175067790914
22.6,3.5078214002161383e-08,0.21493110889071498,0.1943270140188347
22.7,1.94281457361447e-08,0.26149397551802106,0.1841891785603699
22.8,5.1036073446843034e-08,0.26333011412200624,0.19057965745192576
22.9,2.9690961201492596e-08,0.25795104449876083,0.20484762668767428
23.0,7.730834575861255e-08,0.24328621703525685,0.22864786913633942
23.1,4.76514422104741e-08,0.23277725077280775,0.24025879835397165
23.2,1.2316084181747354e-07,0.22779654095577292,0.13667660077317223
23.3,8.128962236189113e-08,0.22274553169426625,0.1606005003160588
23.4,2.0940739077046316e-07,0.22078550377264125,0.23796818102208545
23.5,1.4993096087955783e-07,0.2132391659155124,0.2476134680707705
23.6,3.8872310446116157e-07,0.19878643570850152,0.24437179563921077
23.7,3.065585149408981e-07,0.19652878108433872,0.2055123089883941
23.8,8.186117976325689e-07,0.18072524435043844,0.2277823300787412
23.9,7.22245662211332e-07,0.18430037970527796,0.24421724527908284
24.0,2.1076048015584767e-06,0.21652493171878465,0.23375809270285886
24.1,2.0830653162849876e-06,0.22522512401747316,0.24967475317719262
24.2,8.029134281867463e-06,0.23905471932046166,0.2425071703885589
24.3,7.641297090048102e-06,0.22545653353400671,0.2466403032435831
24.4,0.00011872487000716909,0.20711369742365085,0.22530420120850336
24.5,0.0005292465873201993,0.2055325277065357,0.23549243609088985
24.6,0.010334697605205785,0.22333834924791454,0.2936171906206665
24.7,0.019489314675754585,0.25329548210346914,0.30802335149486537
24.8,0.06831292746508692,0.2924706498508569,0.2627525187948002
24.9,0.08164620862162812,0.2680884047574919,0.22363035655593605
25.0,0.030600121209016114,0.26919851834940867,0.2393777435371898
25.1,0.013603379761641925,0.28780598757264614,0.2731235734104062
25.2,0.036223642842906995,0.29530738030857107,0.25500215047314195
25.3,0.025638974147178365,0.3218995106445544,0.2396103398280886
25.4,0.01092064300646202,0.3075598071639651,0.28403068472815124
25.5,0.005230957575268982,0.3004645754489329,0.32952600229304674
