start_time_s,end_time_s,raw_mean,raw_rms,raw_peak_to_peak,raw_target_amp,filtered_mean,filtered_rms,filtered_peak_to_peak,filtered_target_amp
0.0,0.2,-0.003284329058493185,0.003284329058493185,0.0,7.86840535956913e-21,-2.236171187797989e-06,0.0003627024442257721,0.0029278851096883555,0.00012143936639203535
0.1,0.3,-0.003284329058493185,0.003284329058493185,0.0,7.86840535956913e-21,-6.402284631150496e-07,5.53789740143651e-05,0.00027297971601135645,7.59672922666714e-06
0.2,0.4,-0.003284329058493185,0.003284329058493185,0.0,7.86840535956913e-21,-2.302509589310857e-08,3.1501182698079446e-05,0.0002143120263738698,6.485365868463429e-06
0.3,0.5,-0.003284329058493185,0.003284329058493185,0.0,7.86840535956913e-21,-4.5083119492092416e-08,1.546106312112752e-05,7.247350231410544e-05,1.5992149720686056e-06
0.4,0.6,-0.003284329058493185,0.003284329058493185,0.0,7.86840535956913e-21,1.74283779218254e-08,1.0156957421518057e-05,6.0132801343402204e-05,1.3963428884349497e-06
0.5,0.7,-0.003284329058493185,0.003284329058493185,0.0,7.86840535956913e-21,-9.745623099582665e-09,6.732235641990725e-06,3.1302996846817365e-05,5.222320005538061e-07
0.6,0.8,-0.003284329058493185,0.003284329058493185,0.0,7.86840535956913e-21,1.3956148811947599e-08,5.0054064012728575e-06,2.7428254762314264e-05,4.815512609946886e-07
0.7,0.9,-0.003284329058493185,0.003284329058493185,0.0,7.86840535956913e-21,-4.159975379529931e-09,3.6949994082693833e-06,1.7079185010696183e-05,2.1016942114635247e-07
0.8,1.0,-0.003284329058493185,0.003284329058493185,0.0,7.86840535956913e-21,9.424999944356194e-09,2.994937451202224e-06,1.5687042143961875e-05,2.1365796627011677e-07
0.9,1.1,-0.003284329058493185,0.003284329058493185,0.0,7.86840535956913e-21,-2.4396168842976e-09,2.327698365937762e-06,1.0749882214108415e-05,9.726090417972893e-08
1.0,1.2,-0.003284329058493185,0.003284329058493185,0.0,7.86840535956913e-21,6.336414535541757e-09,1.9904860356208113e-06,1.00656980323618e-05,1.109368499832697e-07
1.1,1.3,-0.003284329058493185,0.003284329058493185,0.0,7.86840535956913e-21,-1.624107244772339e-09,1.5967994428914173e-06,7.260851711198199e-06,5.0189403942423296e-08
1.2,1.4,-0.003284329058493185,0.003284329058493185,0.0,7.86840535956913e-21,4.354615415281043e-09,1.4106111386880868e-06,6.886536557908233e-06,6.407892487731595e-08
1.3,1.5,-0.003284329058493185,0.003284329058493185,0.0,7.86840535956913e-21,-1.146210858419358e-09,1.157517798845984e-06,5.154336692422477e-06,2.8460427246578493e-08
1.4,1.6,-0.003284329058493185,0.003284329058493185,0.0,7.86840535956913e-21,3.0727277489412685e-09,1.0434509879240497e-06,4.9317158122404116e-06,3.995469423954055e-08
1.5,1.7,-0.003284329058493185,0.003284329058493185,0.0,7.86840535956913e-21,-8.377031379644659e-10,8.712067095502387e-07,3.796545688785689e-06,1.7598968265114457e-08
1.6,1.8,-0.003284329058493185,0.003284329058493185,0.0,7.86840535956913e-21,2.224784047707877e-09,7.956954249080228e-07,3.6541388379261073e-06,2.638457984977782e-08
1.7,1.9,-0.003284329058493185,0.003284329058493185,0.0,7.86840535956913e-21,-6.283764926052992e-10,6.73441861258944e-07,2.9020626768852395e-06,1.1794482898386614e-08
1.8,2.0,-0.003284329058493185,0.003284329058493185,0.0,7.86840535956913e-21,1.6500457132014973e-09,6.20468831968517e-07,2.7788038272670517e-06,1.8220919828456746e-08
1.9,2.1,-0.003284329058493185,0.003284329058493185,0.0,7.86840535956913e-21,-4.819637975753673e-10,5.307334923668731e-07,2.2672117721338346e-06,8.506535079555876e-09
2.0,2.2,-0.003284329058493185,0.003284329058493185,0.0,7.86840535956913e-21,1.2515860764205783e-09,4.918751986697579e-07,2.155520568841449e-06,1.3045933620296291e-08
2.1,2.3,-0.003284329058493185,0.003284329058493185,0.0,7.86840535956913e-21,-3.774263685624565e-10,4.241030487487947e-07,1.8012111739084161e-06,6.55314720760398e-09
2.2,2.4,-0.003284329058493185,0.003284329058493185,0.0,7.86840535956913e-21,9.699670381663916e-10,3.9455899911266033e-07,1.696791714880768e-06,9.626619179795548e-09
2.3,2.5,-0.003284329058493185,0.003284329058493185,0.0,7.86840535956913e-21,-3.0177356126276795e-10,3.420631172606061e-07,1.4496634581525367e-06,5.359669313742962e-09
2.4,2.6,-0.003284329058493185,0.003284329058493185,0.0,7.86840535956913e-21,7.6798153709741e-10,3.189153284150799e-07,1.3488684022716135e-06,7.291767042532346e-09
2.5,2.7,-0.003284329058493185,0.003284329058493185,0.0,7.86840535956913e-21,-2.4670772745672923e-10,2.773200377945088e-07,1.1791319155288672e-06,4.63913171798933e-09
2.6,2.8,-0.003284329058493185,0.003284329058493185,0.0,7.86840535956913e-21,6.219201481630577e-10,2.5870920871885087e-07,1.0806547913741905e-06,5.656717282690128e-09
2.7,2.9,-0.003284329058493185,0.003284329058493185,0.0,7.86840535956913e-21,-2.06858210347249e-10,2.2513446996736845e-07,9.76671989993863e-07,4.2490474477584e-09
2.8,3.0,-0.003284329058493185,0.003284329058493185,0.0,7.86840535956913e-21,5.16538075169565e-10,2.0985621611630256e-07,8.892830844375674e-07,4.492719591182241e-09
2.9,3.1,-0.003284329058493185,0.003284329058493185,0.0,7.86840535956913e-21,-1.7879751327108078e-10,1.8255048710355986e-07,8.138645577954074e-07,4.126329754911683e-09
3.0,3.2,-0.003284329058493185,0.003284329058493185,0.0,7.86840535956913e-21,4.4214548169969713e-10,1.6988538847459954e-07,7.359998887066049e-07,3.6618476333085795e-09
3.1,3.3,-0.003284329058493185,0.003284329058493185,0.0,7.86840535956913e-21,-1.6049874122502676e-10,1.4826503413048077e-07,6.801176605269987e-07,4.259437566597986e-09
3.2,3.4,-0.003284329058493185,0.003284329058493185,0.0,7.86840535956913e-21,3.92973415501249e-10,1.3800925158255436e-07,6.178191158184575e-07,3.084541096915979e-09
3.3,3.5,-0.003284329058493185,0.003284329058493185,0.0,7.86840535956913e-21,-1.5108420685499603e-10,1.2325857804885115e-07,5.675307723870483e-07,4.6806117834758805e-09
3.4,3.6,-0.003284329058493185,0.003284329058493185,0.0,7.86840535956913e-21,3.6639031766882553e-10,1.1600080120646146e-07,5.314193236618603e-07,2.7255805553286547e-09
3.5,3.7,-0.003284329058493185,0.003284329058493185,0.0,7.86840535956913e-21,-1.508191765157282e-10,1.1209686122918627e-07,4.829916708046728e-07,5.472639285219854e-09
3.6,3.8,-0.003284329058493185,0.003284329058493185,0.0,7.86840535956913e-21,3.6282321680120253e-10,1.0944032376999124e-07,4.789081114393713e-07,2.5916717416649664e-09
3.7,3.9,-0.003284329058493185,0.003284329058493185,0.0,7.86840535956913e-21,-1.6139398661067106e-10,1.221374324376325e-07,5.299768944804628e-07,6.792374942619223e-09
3.8,4.0,-0.003284329058493185,0.003284329058493185,0.0,7.86840535956913e-21,3.8649758152696386e-10,1.255685401360525e-07,5.299768944804628e-07,2.735026695693221e-09
3.9,4.1,-0.003284329058493185,0.003284329058493185,0.0,7.86840535956913e-21,-1.866671606649928e-10,1.5817237998636854e-07,8.332976705973911e-07,8.922291842958291e-09
4.0,4.2,-0.003284329058493185,0.003284329058493185,0.0,7.86840535956913e-21,4.4749989015434227e-10,1.6792362308405237e-07,8.332976705973911e-07,3.2611357593107756e-09
4.1,4.3,-0.003284329058493185,0.003284329058493185,0.0,7.86840535956913e-21,-2.343068583928746e-10,2.2289700477905964e-07,1.2481370893451284e-06,1.2378348934689166e-08
4.2,4.4,-0.003284329058493185,0.003284329058493185,0.0,7.86840535956913e-21,5.664918429810882e-10,2.395854001737279e-07,1.2481370893451284e-06,4.3607544728872525e-09
4.3,4.5,-0.003284329058493185,0.003284329058493185,0.0,7.86840535956913e-21,-3.194097019363854e-10,3.2462905104926276e-07,1.8489045348009064e-06,1.8143354812078355e-08
4.4,4.6,-0.003284329058493185,0.003284329058493185,0.0,7.86840535956913e-21,7.854895075437217e-10,3.509351547828613e-07,1.8489045348009064e-06,6.41425824902054e-09
4.5,4.7,-0.003284329058493185,0.003284329058493185,0.0,7.86840535956913e-21,-4.72912998582546e-10,4.841109696961353e-07,2.772703025720095e-06,2.8205992500679367e-08
4.6,4.8,-0.003284329058493185,0.003284329058493185,0.0,7.86840535956913e-21,1.1940527421644618e-09,5.263389693856439e-07,2.772703025720095e-06,1.0254389547960975e-08
4.7,4.9,-0.003284329058493185,0.003284329058493185,0.0,7.86840535956913e-21,-7.628482893595725e-10,7.457525737004264e-07,4.292495574258341e-06,4.6920475457543404e-08
4.8,5.0,-0.003284329058493185,0.003284329058493185,0.0,7.86840535956913e-21,1.999235841590459e-09,8.176431965680172e-07,4.292495574258341e-06,1.7855084459921808e-08
4.9,5.1,-0.003284329058493185,0.003284329058493185,0.0,7.86840535956913e-21,-1.3543615490442225e-09,1.2074056834904677e-06,7.006241697468035e-06,8.484669677549448e-08
5.0,5.2,-0.003284329058493185,0.003284329058493185,0.0,7.86840535956913e-21,3.7379006756391404e-09,1.3410533229308636e-06,7.006241697468035e-06,3.4438880076242385e-08
5.1,5.3,-0.003284329058493185,0.003284329058493185,0.0,7.86840535956913e-21,-2.7061735772495196e-09,2.1086237230443322e-06,1.239845774096768e-05,1.7132806069072812e-07
5.2,5.4,-0.003284329058493185,0.003284329058493185,0.0,7.86840535956913e-21,8.043067763045583e-09,2.390148839432099e-06,1.239845774096768e-05,7.624394887456946e-08
5.3,5.5,-0.003284329058493185,0.003284329058493185,0.0,7.86840535956913e-21,-6.35910501135327e-09,4.141036823630826e-06,2.4857061437714633e-05,4.050022572630608e-07
5.4,5.6,-0.003284329058493185,0.003284329058493185,0.0,7.86840535956913e-21,2.1190194304698797e-08,4.857538940956761e-06,2.5220849736648184e-05,2.0750921248727152e-07
5.5,5.7,-0.003284329058493185,0.003284329058493185,0.0,7.86840535956913e-21,-1.9230365747459157e-08,9.882135973530397e-06,6.133083668913747e-05,1.228735520975932e-06
5.6,5.8,-0.003284329058493185,0.003284329058493185,0.0,7.86840535956913e-21,7.851933755911551e-08,1.2416889137282331e-05,7.230563536496002e-05,8.05814973398096e-07
5.7,5.9,-0.003284329058493185,0.003284329058493185,0.0,7.86840535956913e-21,-9.351266069395784e-08,3.444240061577205e-05,0.00022937050344457727,5.968211540082599e-06
5.8,6.0,-0.003284329058493185,0.003284329058493185,0.0,7.86840535956913e-21,6.26175513463471e-07,5.394363820544798e-05,0.00044234165352543566,6.9829591032004845e-06
5.9,6.1,-0.003284329058493185,0.003284329058493185,0.0,7.86840535956913e-21,-2.025712139259752e-06,0.00038232935717401377,0.0030070359922459338,0.00011886013439880485
6.0,6.2,-0.003284329058493185,0.003284329058493185,0.0,7.86840535956913e-21,-2.7701692008284468e-05,0.0019976022374280727,0.017931565281485533,0.00019141841632791572
6.1,6.3,0.001715670941506815,0.07055454292091708,1.0,0.01,-1.3696606109720194e-05,0.01518280036914095,0.09869633943652716,0.010725499504944239
6.2,6.4,0.001715670941506815,0.07055454292091708,1.0,0.01,2.0558536050691925e-05,0.0152713538240974,0.09869633943652716,0.010198481523571343
6.3,6.5,-0.003284329058493185,0.003284329058493185,0.0,7.86840535956913e-21,1.631680744522826e-05,0.0026134001395574104,0.01970174095774095,0.0008792640761597841
6.4,6.6,-0.003284329058493185,0.003284329058493185,0.0,7.86840535956913e-21,6.122592165882332e-06,0.0005391848508014432,0.004602208658203089,2.1806949459888418e-05
6.5,6.7,-0.003284329058493185,0.003284329058493185,0.0,7.86840535956913e-21,-4.0278787043268134e-07,7.111217989134087e-05,0.000522133966771067,2.2869505505956817e-05
6.6,6.8,-0.003284329058493185,0.003284329058493185,0.0,7.86840535956913e-21,2.1114650345497793e-07,3.8077223992348054e-05,0.00022954331875144673,1.057581938309893e-06
6.7,6.9,-0.003284329058493185,0.003284329058493185,0.0,7.86840535956913e-21,-4.553375966607966e-08,1.4200140437661027e-05,8.299488563780307e-05,2.7460993434213228e-06
6.8,7.0,-0.003284329058493185,0.003284329058493185,0.0,7.86840535956913e-21,4.115185687958601e-08,1.0591231766379077e-05,6.150483667587955e-05,2.606872351340996e-07
6.9,7.1,-0.003284329058493185,0.003284329058493185,0.0,7.86840535956913e-21,-1.1838743799396655e-08,5.325629716289093e-06,2.7270381182681653e-05,7.256495855226613e-07
7.0,7.2,-0.003284329058493185,0.003284329058493185,0.0,7.86840535956913e-21,1.3265233359715972e-08,4.392881912853498e-06,2.5022019840840727e-05,9.151882662923495e-08
7.1,7.3,-0.003284329058493185,0.003284329058493185,0.0,7.86840535956913e-21,-4.3910850471924754e-09,2.583060187656323e-06,1.2718967383681056e-05,2.710145898287888e-07
7.2,7.4,-0.003284329058493185,0.003284329058493185,0.0,7.86840535956913e-21,5.549561413681946e-09,2.2359772862789803e-06,1.2564343605554718e-05,3.9931342369163433e-08
7.3,7.5,-0.003284329058493185,0.003284329058493185,0.0,7.86840535956913e-21,-1.9972983457328015e-09,1.4489855440809896e-06,7.174340492628967e-06,1.2365379696268074e-07
7.4,7.6,-0.003284329058493185,0.003284329058493185,0.0,7.86840535956913e-21,2.7338727595673528e-09,1.2902192382933121e-06,7.174340492628967e-06,2.0086961857470994e-08
7.5,7.7,-0.003284329058493185,0.003284329058493185,0.0,7.86840535956913e-21,-1.0389364024370153e-09,8.930242715293921e-07,4.464120839225079e-06,6.438164987373224e-08
7.6,7.8,-0.003284329058493185,0.003284329058493185,0.0,7.86840535956913e-21,1.5100193500689574e-09,8.099011655147569e-07,4.464120839225079e-06,1.1159006654316054e-08
7.7,7.9,-0.003284329058493185,0.003284329058493185,0.0,7.86840535956913e-21,-5.947652689192325e-10,5.87402591485717e-07,2.951682845446162e-06,3.6840121345253475e-08
7.8,8.0,-0.003284329058493185,0.003284329058493185,0.0,7.86840535956913e-21,9.098272761810803e-10,5.394627756876426e-07,2.951682845446162e-06,6.661549185736658e-09
7.9,8.1,-0.003284329058493185,0.003284329058493185,0.0,7.86840535956913e-21,-3.660729748856193e-10,4.046707836855469e-07,2.04852929183955e-06,2.264593805621542e-08
8.0,8.2,-0.003284329058493185,0.003284329058493185,0.0,7.86840535956913e-21,5.886914473044999e-10,3.7489477455429973e-07,2.04852929183955e-06,4.191468190866964e-09
8.1,8.3,-0.003284329058493185,0.003284329058493185,0.0,7.86840535956913e-21,-2.38594960262238e-10,2.879844009830517e-07,1.4639151574992077e-06,1.4739568682026086e-08
8.2,8.4,-0.003284329058493185,0.003284329058493185,0.0,7.86840535956913e-21,4.0569074830643336e-10,2.6834853103310873e-07,1.4639151574992077e-06,2.7368613259177337e-09
8.3,8.5,-0.003284329058493185,0.003284329058493185,0.0,7.86840535956913e-21,-1.6299256685510602e-10,2.0930737469199642e-07,1.0645005156910696e-06,1.006502428213e-08
8.4,8.6,-0.003284329058493185,0.003284329058493185,0.0,7.86840535956913e-21,2.969382818482747e-10,1.9569503704263216e-07,1.0645005156910696e-06,1.8274843412236833e-09
8.5,8.7,-0.003284329058493185,0.003284329058493185,0.0,7.86840535956913e-21,-1.1588559017905985e-10,1.5372857249498636e-07,7.776368002014225e-07,7.172410447982109e-09
8.6,8.8,-0.003284329058493185,0.003284329058493185,0.0,7.86840535956913e-21,2.3115000918358077e-10,1.4390346740077106e-07,7.776368002014225e-07,1.2269981963258077e-09
8.7,8.9,-0.003284329058493185,0.003284329058493185,0.0,7.86840535956913e-21,-8.534851319070302e-11,1.1291915299591667e-07,5.676666225760632e-07,5.322791970173361e-09
8.8,9.0,-0.003284329058493185,0.003284329058493185,0.0,7.86840535956913e-21,1.9217545512178063e-10,1.0566309695829535e-07,5.676666225760632e-07,8.094174798123e-10
8.9,9.1,-0.003284329058493185,0.003284329058493185,0.0,7.86840535956913e-21,-6.49271218703777e-11,8.230337821233611e-08,4.1092375479779285e-07,4.118258554807471e-09
9.0,9.2,-0.003284329058493185,0.003284329058493185,0.0,7.86840535956913e-21,1.71513030001135e-10,7.709720939122171e-08,4.1092375479779285e-07,5.076899522003976e-10
9.1,9.3,-0.003284329058493185,0.003284329058493185,0.0,7.86840535956913e-21,-5.095860236093238e-11,6.018298753963659e-08,3.18020272655295e-07,3.336346670920143e-09
9.2,9.4,-0.003284329058493185,0.003284329058493185,0.0,7.86840535956913e-21,1.6492022718381335e-10,5.7267806254535463e-08,2.806584137360388e-07,3.0498179998569626e-10
9.3,9.5,-0.003284329058493185,0.003284329058493185,0.0,7.86840535956913e-21,-4.128896283697966e-11,4.832556873488458e-08,2.522781277531624e-07,2.8513758405345653e-09
9.4,9.6,-0.003284329058493185,0.003284329058493185,0.0,7.86840535956913e-21,1.7088463534263662e-10,4.8801772680893274e-08,2.3036902748677033e-07,2.752935485742616e-10
9.5,9.7,-0.003284329058493185,0.003284329058493185,0.0,7.86840535956913e-21,-3.462689785440225e-11,5.0903590091156354e-08,2.3036902748677033e-07,2.5959341720995514e-09
9.6,9.8,-0.003284329058493185,0.003284329058493185,0.0,7.86840535956913e-21,1.9007458059113344e-10,5.521431166261418e-08,2.9643542372406525e-07,4.4164836551100807e-10
9.7,9.9,-0.003284329058493185,0.003284329058493185,0.0,7.86840535956913e-21,-3.020842202089164e-11,6.751449090783149e-08,3.4994746015601545e-07,2.542869800931708e-09
9.8,10.0,-0.003284329058493185,0.003284329058493185,0.0,7.86840535956913e-21,2.2546871089093868e-10,7.470905147162017e-08,4.0884540159011055e-07,7.112422349220955e-10
9.9,10.1,-0.003284329058493185,0.003284329058493185,0.0,7.86840535956913e-21,-2.762659725802035e-11,9.48033298602523e-08,5.064342390880336e-07,2.699789294609733e-09
10.0,10.2,-0.003284329058493185,0.003284329058493185,0.0,7.86840535956913e-21,2.832037207806404e-10,1.0459560300361002e-07,5.63606994578124e-07,1.0798771613315023e-09
10.1,10.3,-0.003284329058493185,0.003284329058493185,0.0,7.86840535956913e-21,-2.6763151476074502e-11,1.3269130802133593e-07,7.050748886722239e-07,3.1142588888355466e-09
10.2,10.4,-0.003284329058493185,0.003284329058493185,0.0,7.86840535956913e-21,3.745356781289321e-10,1.458118317501344e-07,7.880243141059826e-07,1.597859008151218e-09
10.3,10.5,-0.003284329058493185,0.003284329058493185,0.0,7.86840535956913e-21,-2.7805242376172764e-11,1.8471011200823263e-07,9.863838530407666e-07,3.893234672661243e-09
10.4,10.6,-0.003284329058493185,0.003284329058493185,0.0,7.86840535956913e-21,5.199477425294954e-10,2.0283698775889923e-07,1.093766516556296e-06,2.3628716532881793e-09
10.5,10.7,-0.003284329058493185,0.003284329058493185,0.0,7.86840535956913e-21,-3.1373004307448545e-11,2.581975459210602e-07,1.383981389080111e-06,5.2487314903252716e-09
10.6,10.8,-0.003284329058493185,0.003284329058493185,0.0,7.86840535956913e-21,7.57911391445823e-10,2.843992240861831e-07,1.5310307714830908e-06,3.553730697096928e-09
10.7,10.9,-0.003284329058493185,0.003284329058493185,0.0,7.86840535956913e-21,-3.8855267978374724e-11,3.6649976289900476e-07,1.966345957956438e-06,7.601286502085301e-09
10.8,11.0,-0.003284329058493185,0.003284329058493185,0.0,7.86840535956913e-21,1.1646779570342194e-09,4.0645867199284517e-07,2.1890442937653393e-06,5.513704359239725e-09
10.9,11.1,-0.003284329058493185,0.003284329058493185,0.0,7.86840535956913e-21,-5.322811629240901e-11,5.345072658205089e-07,2.8667876465438126e-06,1.1826245495525919e-08
11.0,11.2,-0.003284329058493185,0.003284329058493185,0.0,7.86840535956913e-21,1.9027533771598498e-09,5.994308843811209e-07,3.238009485658177e-06,8.949155319070215e-09
11.1,11.3,-0.003284329058493185,0.003284329058493185,0.0,7.86840535956913e-21,-8.115681685955232e-11,8.118160257016167e-07,4.363703276540381e-06,1.9893495547835937e-08
11.2,11.4,-0.003284329058493185,0.003284329058493185,0.0,7.86840535956913e-21,3.3526913174859537e-09,9.258704682978009e-07,5.082170279091174e-06,1.5444686431896895e-08
11.3,11.5,-0.003284329058493185,0.003284329058493185,0.0,7.86840535956913e-21,-1.3898161977636094e-10,1.3067737530373106e-06,7.069401469458762e-06,3.673871470836861e-08
11.4,11.6,-0.003284329058493185,0.003284329058493185,0.0,7.86840535956913e-21,6.523529389577165e-09,1.5286626232795201e-06,8.743154556987601e-06,2.896513422072959e-08
11.5,11.7,-0.003284329058493185,0.003284329058493185,0.0,7.86840535956913e-21,-2.7245188314219096e-10,2.287286483535454e-06,1.2454205036141304e-05,7.668115404630339e-08
11.6,11.8,-0.003284329058493185,0.003284329058493185,0.0,7.86840535956913e-21,1.458902413096554e-08,2.785287664175991e-06,1.688866501546459e-05,6.095566582923101e-08
11.7,11.9,-0.003284329058493185,0.003284329058493185,0.0,7.86840535956913e-21,-6.36560893072004e-10,4.542086429492177e-06,2.4905931408932914e-05,1.9093508806171e-07
11.8,12.0,-0.003284329058493185,0.003284329058493185,0.0,7.86840535956913e-21,4.039698004290417e-08,5.93436041224269e-06,3.925161003554086e-05,1.515302456754233e-07
11.9,12.1,-0.003284329058493185,0.003284329058493185,0.0,7.86840535956913e-21,-1.933933463399388e-09,1.1108378933898575e-05,6.139448470874534e-05,6.33628820687899e-07
12.0,12.2,-0.003284329058493185,0.003284329058493185,0.0,7.86840535956913e-21,1.6342900981763522e-07,1.686161708190483e-05,0.00012822498552174843,4.829168726231967e-07
12.1,12.3,-0.003284329058493185,0.003284329058493185,0.0,7.86840535956913e-21,-9.471827430736061e-09,4.107941117036873e-05,0.00022942616071849344,3.7410088421627484e-06
12.2,12.4,-0.003284329058493185,0.003284329058493185,0.0,7.86840535956913e-21,1.6880447387181883e-06,0.0001023392148728732,0.0010009402480053021,1.9321404380120868e-06
12.3,12.5,-0.003284329058493185,0.003284329058493185,0.0,7.86840535956913e-21,2.547668301347897e-07,0.0007328139224920606,0.0055517880622655905,0.00021342271308676501
12.4,12.6,-0.003284329058493185,0.003284329058493185,0.0,7.86840535956913e-21,-8.244495542329342e-05,0.0038136505898433257,0.03787671157756025,0.00011806623480042429
12.5,12.7,0.001715670941506815,0.07055454292091708,1.0,0.009999999999999998,-9.359685047657072e-07,0.015333462859840285,0.09869628038943075,0.009827706937453322
12.6,12.8,0.001715670941506815,0.07055454292091708,1.0,0.009999999999999988,7.644276086086441e-05,0.014927937770681353,0.09869628038943075,0.009863597892766907
12.7,12.9,-0.003284329058493185,0.003284329058493185,0.0,7.86840535956913e-21,7.293102829076734e-07,0.0013579295123167185,0.009982036360810617,0.00039554102098098514
12.8,13.0,-0.003284329058493185,0.003284329058493185,0.0,7.86840535956913e-21,3.757738980115633e-06,0.0003172671444034054,0.0027777769573743873,4.766808806281511e-05
12.9,13.1,-0.003284329058493185,0.003284329058493185,0.0,7.86840535956913e-21,-2.984834225435703e-08,4.172619550151221e-05,0.00022950304499141596,3.991900981066176e-06
13.0,13.2,-0.003284329058493185,0.003284329058493185,0.0,7.86840535956913e-21,2.355566362608266e-07,3.131161524049677e-05,0.00022603143580922323,2.097562206936324e-06
13.1,13.3,-0.003284329058493185,0.003284329058493185,0.0,7.86840535956913e-21,-3.823918726296734e-09,1.1205930002542643e-05,6.147438325885854e-05,6.576600614259332e-07
13.2,13.4,-0.003284329058493185,0.003284329058493185,0.0,7.86840535956913e-21,5.169892755906033e-08,9.236006846227616e-06,6.14176783346908e-05,4.0495511269526613e-07
13.3,13.5,-0.003284329058493185,0.003284329058493185,0.0,7.86840535956913e-21,-1.039071433422489e-09,4.580803086527315e-06,2.4994886741607424e-05,1.959696468994532e-07
13.4,13.6,-0.003284329058493185,0.003284329058493185,0.0,7.86840535956913e-21,1.759712255267994e-08,3.9442146008039544e-06,2.4994886741607424e-05,1.2854442256319603e-07
13.5,13.7,-0.003284329058493185,0.003284329058493185,0.0,7.86840535956913e-21,-3.9799216019988007e-10,2.312831471557083e-06,1.2549103072347566e-05,7.810676351358106e-08
13.6,13.8,-0.003284329058493185,0.003284329058493185,0.0,7.86840535956913e-21,7.587583538079934e-09,2.0453271684226576e-06,1.2549103072347566e-05,5.300617562783526e-08
13.7,13.9,-0.003284329058493185,0.003284329058493185,0.0,7.86840535956913e-21,-1.8784074017909844e-10,1.3286682460672378e-06,7.1716385777319124e-06,3.712316016869808e-08
13.8,14.0,-0.003284329058493185,0.003284329058493185,0.0,7.86840535956913e-21,3.801740373856815e-09,1.1967771272745967e-06,7.1716385777319124e-06,2.5740222718844366e-08
13.9,14.1,-0.003284329058493185,0.003284329058493185,0.0,7.86840535956913e-21,-1.0291255726248664e-10,8.330549875951057e-07,4.474915229526868e-06,1.9869611683021664e-08
14.0,14.2,-0.003284329058493185,0.003284329058493185,0.0,7.86840535956913e-21,2.1151141833982045e-09,7.605743267536312e-07,4.474915229526868e-06,1.3991051608023057e-08
14.1,14.3,-0.003284329058493185,0.003284329058493185,0.0,7.86840535956913e-21,-6.351902389441044e-11,5.563797858933681e-07,2.9775931989613097e-06,1.158726818480934e-08
14.2,14.4,-0.003284329058493185,0.003284329058493185,0.0,7.86840535956913e-21,1.2719095786477907e-09,5.132830657720017e-07,2.9775931989613097e-06,8.263299529398848e-09
14.3,14.5,-0.003284329058493185,0.003284329058493185,0.0,7.86840535956913e-21,-4.3435327655568997e-11,3.8974569689561797e-07,2.0878269006180853e-06,7.20995514716907e-09
14.4,14.6,-0.003284329058493185,0.003284329058493185,0.0,7.86840535956913e-21,8.126155858894684e-10,3.6253977437412497e-07,2.0878269006180853e-06,5.204952368701011e-09
14.5,14.7,-0.003284329058493185,0.003284329058493185,0.0,7.86840535956913e-21,-3.252923262007773e-11,2.83351939242341e-07,1.5185671559712073e-06,4.719284115030261e-09
14.6,14.8,-0.003284329058493185,0.003284329058493185,0.0,7.86840535956913e-21,5.452963028338841e-10,2.6535228964149407e-07,1.5185671559712073e-06,3.4539629979777002e-09
14.7,14.9,-0.003284329058493185,0.003284329058493185,0.0,7.86840535956913e-21,-2.639672154536718e-11,2.1219906693184028e-07,1.1370695819933854e-06,3.216543947907345e-09
14.8,15.0,-0.003284329058493185,0.003284329058493185,0.0,7.86840535956913e-21,3.8131068519806907e-10,1.9983501555910023e-07,1.1370695819933854e-06,2.3949705814772103e-09
14.9,15.1,-0.003284329058493185,0.003284329058493185,0.0,7.86840535956913e-21,-2.294367747927884e-11,1.627925633106746e-07,8.71461799958986e-07,2.265407656842995e-09
15.0,15.2,-0.003284329058493185,0.003284329058493185,0.0,7.86840535956913e-21,2.763540638034793e-10,1.5403935997657602e-07,8.71461799958986e-07,1.7259000736602363e-09
15.1,15.3,-0.003284329058493185,0.003284329058493185,0.0,7.86840535956913e-21,-2.1102588248474007e-11,1.2741345105061858e-07,6.805004456664617e-07,1.6388069311252982e-09
15.2,15.4,-0.003284329058493185,0.003284329058493185,0.0,7.86840535956913e-21,2.068197328941883e-10,1.2106670544287115e-07,6.805004456664617e-07,1.2882277674710553e-09
15.3,15.5,-0.003284329058493185,0.003284329058493185,0.0,7.86840535956913e-21,-2.0299605018887656e-11,1.0143497274894312e-07,5.393543224022548e-07,1.2116351223174932e-09
15.4,15.6,-0.003284329058493185,0.003284329058493185,0.0,7.86840535956913e-21,1.5944768018995937e-10,9.675071583285481e-08,5.393543224022548e-07,9.94080617166368e-10
15.5,15.7,-0.003284329058493185,0.003284329058493185,0.0,7.86840535956913e-21,-2.021457370451903e-11,8.197837617479009e-08,4.3245677876528983e-07,9.115882445653335e-10
15.6,15.8,-0.003284329058493185,0.003284329058493185,0.0,7.86840535956913e-21,1.2645298198042088e-10,7.848410310911707e-08,4.3245677876528983e-07,7.924799256143036e-10
15.7,15.9,-0.003284329058493185,0.003284329058493185,0.0,7.86840535956913e-21,-2.0665622104965156e-11,6.720136288270484e-08,3.5098594939648613e-07,6.951446655036358e-10
15.8,16.0,-0.003284329058493185,0.003284329058493185,0.0,7.86840535956913e-21,1.0309106106131988e-10,6.459210391227356e-08,3.5098594939648613e-07,6.52699708277907e-10
15.9,16.1,-0.003284329058493185,0.003284329058493185,0.0,7.86840535956913e-21,-2.155060464576913e-11,5.590372817195097e-08,2.8935870366777986e-07,5.351744861150841e-10
16.0,16.2,-0.003284329058493185,0.003284329058493185,0.0,7.86840535956913e-21,8.637729231496352e-11,5.3982475658633426e-08,2.8935870366777986e-07,5.556144350428632e-10
16.1,16.3,-0.003284329058493185,0.003284329058493185,0.0,7.86840535956913e-21,-2.281612435935223e-11,4.729940102281973e-08,2.39893265024802e-07,4.1424703259479754e-10
16.2,16.4,-0.003284329058493185,0.003284329058493185,0.0,7.86840535956913e-21,7.438362775068531e-11,4.594119345458581e-08,2.39893265024802e-07,4.889910397577246e-10
16.3,16.5,-0.003284329058493185,0.003284329058493185,0.0,7.86840535956913e-21,-2.444067739328774e-11,4.0877368549939504e-08,1.9951858176545114e-07,3.208739370771531e-10
16.4,16.6,-0.003284329058493185,0.003284329058493185,0.0,7.86840535956913e-21,6.583736459827595e-11,4.000546792365867e-08,1.9951858176545114e-07,4.4482731443422396e-10
16.5,16.7,-0.003284329058493185,0.003284329058493185,0.0,7.86840535956913e-21,-2.642541765990074e-11,3.630802275216073e-08,1.660252097644517e-07,2.4733837007795084e-10
16.6,16.8,-0.003284329058493185,0.003284329058493185,0.0,7.86840535956913e-21,5.988468278092355e-11,3.587527446149222e-08,1.660252097644517e-07,4.1780108784092324e-10
16.7,16.9,-0.003284329058493185,0.003284329058493185,0.0,7.86840535956913e-21,-2.878925987825746e-11,3.3369968788890683e-08,1.4312541368879372e-07,1.8843361681805124e-10
16.8,17.0,-0.003284329058493185,0.003284329058493185,0.0,7.86840535956913e-21,5.594734732320042e-11,3.3342287875697545e-08,1.4312541368879372e-07,4.043471300838191e-10
16.9,17.1,-0.003284329058493185,0.003284329058493185,0.0,7.86840535956913e-21,-3.156662968005125e-11,3.188853680811167e-08,1.336223850386818e-07,1.407929329602998e-10
17.0,17.2,-0.003284329058493185,0.003284329058493185,0.0,7.86840535956913e-21,5.363383741706762e-11,3.223209748582443e-08,1.336223850386818e-07,4.020996014201357e-10
17.1,17.3,-0.003284329058493185,0.003284329058493185,0.0,7.86840535956913e-21,-3.480697664017995e-11,3.169365769000592e-08,1.3242546642238208e-07,1.027608905679258e-10
17.2,17.4,-0.003284329058493185,0.003284329058493185,0.0,7.86840535956913e-21,5.268327258181469e-11,3.237005731300564e-08,1.3242546642238208e-07,4.095511061833893e-10
17.3,17.5,-0.003284329058493185,0.003284329058493185,0.0,7.86840535956913e-21,-3.857561517947938e-11,3.2608940030811795e-08,1.3771912329099554e-07,7.507936020510067e-11
17.4,17.6,-0.003284329058493185,0.003284329058493185,0.0,7.86840535956913e-21,5.2929700708211697e-11,3.35791832968298e-08,1.3771912329099554e-07,4.25841958705465e-10
17.5,17.7,-0.003284329058493185,0.003284329058493185,0.0,7.86840535956913e-21,-4.295572324458303e-11,3.446777667130851e-08,1.4729433007006265e-07,6.21517862196025e-11
17.6,17.8,-0.003284329058493185,0.003284329058493185,0.0,7.86840535956913e-21,5.427946398879657e-11,3.569993105684079e-08,1.4729433007006265e-07,4.5063013689451937e-10
17.7,17.9,-0.003284329058493185,0.003284329058493185,0.0,7.86840535956913e-21,-4.805149726375235e-11,3.7136232279370707e-08,1.6119600276333605e-07,6.792703215497662e-11
17.8,18.0,-0.003284329058493185,0.003284329058493185,0.0,7.86840535956913e-21,5.6697297107373426e-11,3.861097955266831e-08,1.6119600276333605e-07,4.840149222738784e-10
17.9,18.1,-0.003284329058493185,0.003284329058493185,0.0,7.86840535956913e-21,-5.399261730937441e-11,4.0526548098282495e-08,1.768227881069704e-07,8.753693135080171e-11
18.0,18.2,-0.003284329058493185,0.003284329058493185,0.0,7.86840535956913e-21,6.019857414855576e-11,4.223899003927449e-08,1.768227881069704e-07,5.26500173910228e-10
18.1,18.3,-0.003284329058493185,0.003284329058493185,0.0,7.86840535956913e-21,-6.094030292512192e-11,4.4599173132546806e-08,1.954065802072956e-07,1.1443903437916808e-10
18.2,18.4,-0.003284329058493185,0.003284329058493185,0.0,7.86840535956913e-21,6.48462168907591e-11,4.6558312268848965e-08,1.954065802072956e-07,5.789904922857332e-10
18.3,18.5,-0.003284329058493185,0.003284329058493185,0.0,7.86840535956913e-21,-6.909539949420274e-11,4.935876079007654e-08,2.162856032499297e-07,1.459486376538383e-10
18.4,18.6,-0.003284329058493185,0.003284329058493185,0.0,7.86840535956913e-21,7.075150636993582e-11,5.158642657010358e-08,2.162856032499297e-07,6.428183629586288e-10
18.5,18.7,-0.003284329058493185,0.003284329058493185,0.0,7.86840535956913e-21,-7.87091601370165e-11,5.4849335116945605e-08,2.39880105472018e-07,1.8165383532137322e-10
18.6,18.8,-0.003284329058493185,0.003284329058493185,0.0,7.86840535956913e-21,7.807857442378981e-11,5.7379581276590314e-08,2.39880105472018e-07,7.198030627526959e-10
18.7,18.9,-0.003284329058493185,0.003284329058493185,0.0,7.86840535956913e-21,-9.009761288391928e-11,6.115133354449736e-08,2.666954501293693e-07,2.2211924068198258e-10
18.8,19.0,-0.003284329058493185,0.003284329058493185,0.0,7.86840535956913e-21,8.705278168101286e-11,6.403070810102308e-08,2.666954501293693e-07,8.123462466980928e-10
18.9,19.1,-0.003284329058493185,0.003284329058493185,0.0,7.86840535956913e-21,-1.0366088268473759e-10,6.838147575475253e-08,2.9775518724501645e-07,2.684419227246059e-10
19.0,19.2,-0.003284329058493185,0.003284329058493185,0.0,7.86840535956913e-21,9.79736942038124e-11,7.167029241901206e-08,2.9775518724501645e-07,9.235722688170043e-10
19.1,19.3,-0.003284329058493185,0.003284329058493185,0.0,7.86840535956913e-21,-1.1990933067016148e-10,7.669570915082168e-08,3.3396224613310175e-07,3.221504178045268e-10
19.2,19.4,-0.003284329058493185,0.003284329058493185,0.0,7.86840535956913e-21,1.1123382358651348e-10,8.047040593371886e-08,3.3396224613310175e-07,1.0575268279847313e-09
19.3,19.5,-0.003284329058493185,0.003284329058493185,0.0,7.86840535956913e-21,-1.394992699898973e-10,8.629541991685966e-08,3.7585052174639676e-07,3.852438560813758e-10
19.4,19.6,-0.003284329058493185,0.003284329058493185,0.0,7.86840535956913e-21,1.2734506268070333e-10,9.065216227639604e-08,3.7585052174639676e-07,1.2194546258996658e-09
19.5,19.7,-0.003284329058493185,0.003284329058493185,0.0,7.86840535956913e-21,-1.6328228822053812e-10,9.743734227073124e-08,4.2463259628639053e-07,4.603125639654262e-10
19.6,19.8,-0.003284329058493185,0.003284329058493185,0.0,7.86840535956913e-21,1.4697568765242267e-10,1.0249715864168859e-07,4.2463259628639053e-07,1.4161870754438876e-09
19.7,19.9,-0.003284329058493185,0.003284329058493185,0.0,7.86840535956913e-21,-1.9237413366012557e-10,1.1044800961675718e-07,4.818364042423116e-07,5.507338621422013e-10
19.8,20.0,-0.003284329058493185,0.003284329058493185,0.0,7.86840535956913e-21,1.7100226380735658e-10,1.1636393099117031e-07,4.818364042423116e-07,1.65668671094414e-09
19.9,20.1,-0.003284329058493185,0.003284329058493185,0.0,7.86840535956913e-21,-2.282521507146966e-10,1.2574416492303407e-07,5.494066977019148e-07,6.609611936878119e-10
20.0,20.2,-0.003284329058493185,0.003284329058493185,0.0,7.86840535956913e-21,2.0058298364433915e-10,1.327110982611744e-07,5.494066977019148e-07,1.9528191305379424e-09
20.1,20.3,-0.003284329058493185,0.003284329058493185,0.0,7.86840535956913e-21,-2.728949848706793e-10,1.4386135939441507e-07,6.298451754550635e-07,7.969451628492621e-10
20.2,20.4,-0.003284329058493185,0.003284329058493185,0.0,7.86840535956913e-21,2.3726239310063536e-10,1.5212980128980482e-07,6.298451754550635e-07,2.320460965080923e-09
20.3,20.5,-0.003284329058493185,0.003284329058493185,0.0,7.86840535956913e-21,-3.28985862866927e-10,1.6549416891716327e-07,7.264067338556565e-07,9.667510206242325e-10
20.4,20.6,-0.003284329058493185,0.003284329058493185,0.0,7.86840535956913e-21,2.8312289152723385e-10,1.7538943628061707e-07,7.264067338556565e-07,2.7811129587366575e-09
20.5,20.7,-0.003284329058493185,0.003284329058493185,0.0,7.86840535956913e-21,-4.0021318542504063e-10,1.9155330336943526e-07,8.43378476699697e-07,1.1814774025578285e-09
20.6,20.8,-0.003284329058493185,0.003284329058493185,0.0,7.86840535956913e-21,3.410071774958501e-10,2.0350284709857658e-07,8.43378476699697e-07,3.364286703662811e-09
20.7,20.9,-0.003284329058493185,0.003284329058493185,0.0,7.86840535956913e-21,-4.917228611991098e-10,2.2324781003983237e-07,9.864828998946558e-07,1.4566476633664988e-09
20.8,21.0,-0.003284329058493185,0.003284329058493185,0.0,7.86840535956913e-21,4.1485035755397613e-10,2.378205989825167e-07,9.864828998946558e-07,4.11109969896366e-09
20.9,21.1,-0.003284329058493185,0.003284329058493185,0.0,7.86840535956913e-21,-6.108121650368939e-10,2.622053369884299e-07,1.1634709840171604e-06,1.8143594980470644e-09
21.0,21.2,-0.003284329058493185,0.003284329058493185,0.0,7.86840535956913e-21,5.101850548975373e-10,2.801696259602899e-07,1.1634709840171604e-06,5.0797991594554754e-09
21.1,21.3,-0.003284329058493185,0.003284329058493185,0.0,7.86840535956913e-21,-7.680167504600033e-10,3.1065138232021776e-07,1.3850118966086548e-06,2.2866803883563864e-09
21.2,21.4,-0.003284329058493185,0.003284329058493185,0.0,7.86840535956913e-21,6.349255145701068e-10,3.330610808247421e-07,1.3850118966086548e-06,6.354438297326119e-09
21.3,21.5,-0.003284329058493185,0.003284329058493185,0.0,7.86840535956913e-21,-9.78853693988985e-10,3.716821164538911e-07,1.6660568696530113e-06,2.9211436204164136e-09
21.4,21.6,-0.003284329058493185,0.003284329058493185,0.0,7.86840535956913e-21,8.006127346557981e-10,4.0000869701589963e-07,1.6660568696530113e-06,8.058842743427846e-09
21.5,21.7,-0.003284329058493185,0.003284329058493185,0.0,7.86840535956913e-21,-1.2666896666542584e-09,4.4968950185777215e-07,2.027981005696973e-06,3.789889366045454e-09
21.6,21.8,-0.003284329058493185,0.003284329058493185,0.0,7.86840535956913e-21,1.0244421479611393e-09,4.860283058177607e-07,2.027981005696973e-06,1.0379718750916033e-08
21.7,21.9,-0.003284329058493185,0.003284329058493185,0.0,7.86840535956913e-21,-1.6675987157748381e-09,5.510414774852848e-07,2.502038882529206e-06,5.005336258623465e-09
21.8,22.0,-0.003284329058493185,0.003284329058493185,0.0,7.86840535956913e-21,1.3326598606573052e-09,5.98443099773117e-07,2.502038882529206e-06,1.3606090332009e-08
21.9,22.1,-0.003284329058493185,0.003284329058493185,0.0,7.86840535956913e-21,-2.2388612784321695e-09,6.852032905605086e-07,3.135112641867064e-06,6.747980799654924e-09
22.0,22.2,-0.003284329058493185,0.003284329058493185,0.0,7.86840535956913e-21,1.7664336004014394e-09,7.48222153295942e-07,3.135112641867064e-06,1.8199016817689577e-08
22.1,22.3,-0.003284329058493185,0.003284329058493185,0.0,7.86840535956913e-21,-3.074390954749707e-09,8.666502293600153e-07,3.9996115886919335e-06,9.317651781189183e-09
22.2,22.4,-0.003284329058493185,0.003284329058493185,0.0,7.86840535956913e-21,2.3923700544956535e-09,9.522843771115804e-07,3.9996115886919335e-06,2.491992718638272e-08
22.3,22.5,-0.003284329058493185,0.003284329058493185,0.0,7.86840535956913e-21,-4.333938859632347e-09,1.1182609504072593e-06,5.2112169132615985e-06,1.3232275316089385e-08
22.4,22.6,-0.003284329058493185,0.003284329058493185,0.0,7.86840535956913e-21,3.3221357682360707e-09,1.2376268423888487e-06,5.2112169132615985e-06,3.5078214002161383e-08
22.5,22.7,-0.003284329058493185,0.003284329058493185,0.0,7.86840535956913e-21,-6.30113259546142e-09,1.4776191015918865e-06,6.962201986052491e-06,1.94281457361447e-08
22.6,22.8,-0.003284329058493185,0.003284329058493185,0.0,7.86840535956913e-21,4.750802560251758e-09,1.6490763927949924e-06,6.962201986052491e-06,5.1036073446843034e-08
22.7,22.9,-0.003284329058493185,0.003284329058493185,0.0,7.86840535956913e-21,-9.505560179834178e-09,2.0093648919158133e-06,9.587524452050901e-06,2.9690961201492596e-08
22.8,23.0,-0.003284329058493185,0.003284329058493185,0.0,7.86840535956913e-21,7.035913498030459e-09,2.2646711520129914e-06,9.587524452050901e-06,7.730834575861255e-08
22.9,23.1,-0.003284329058493185,0.003284329058493185,0.0,7.86840535956913e-21,-1.4997462314270945e-08,2.831026243864089e-06,1.3704822624416024e-05,4.76514422104741e-08
23.0,23.2,-0.003284329058493185,0.003284329058493185,0.0,7.86840535956913e-21,1.087096621633084e-08,3.2282758278386754e-06,1.3704822624416024e-05,1.2316084181747354e-07
23.1,23.3,-0.003284329058493185,0.003284329058493185,0.0,7.86840535956913e-21,-2.5018091433357334e-08,4.171510597063308e-06,2.0535768541333363e-05,8.128962236189113e-08
23.2,23.4,-0.003284329058493185,0.003284329058493185,0.0,7.86840535956913e-21,1.7694447768382874e-08,4.8246120989528985e-06,2.0535768541333363e-05,2.0940739077046316e-07
23.3,23.5,-0.003284329058493185,0.003284329058493185,0.0,7.86840535956913e-21,-4.4807571288105875e-08,6.517513891148505e-06,3.272204516861489e-05,1.4993096087955783e-07
23.4,23.6,-0.003284329058493185,0.003284329058493185,0.0,7.86840535956913e-21,3.0735745259002286e-08,7.670627027005217e-06,3.272204516861489e-05,3.8872310446116157e-07
23.5,23.7,-0.003284329058493185,0.003284329058493185,0.0,7.86840535956913e-21,-8.813353929379443e-08,1.1031285311391498e-05,5.668794566734846e-05,3.065585149408981e-07
23.6,23.8,-0.003284329058493185,0.003284329058493185,0.0,7.86840535956913e-21,5.791265972009309e-08,1.3275184666871549e-05,5.668794566734846e-05,8.186117976325689e-07
23.7,23.9,-0.003284329058493185,0.003284329058493185,0.0,7.86840535956913e-21,-1.9714933563010766e-07,2.0978185248476503e-05,0.00011082612873299089,7.22245662211332e-07
23.8,24.0,-0.003284329058493185,0.003284329058493185,0.0,7.86840535956913e-21,1.1990146059647455e-07,2.6034308557291187e-05,0.00011082612873299089,2.1076048015584767e-06
23.9,24.1,-0.003284329058493185,0.003284329058493185,0.0,7.86840535956913e-21,-5.29058211213856e-07,4.810738821792262e-05,0.00027012731921285764,2.0830653162849876e-06
24.0,24.2,-0.003284329058493185,0.003284329058493185,0.0,7.86840535956913e-21,2.5146715079606904e-07,6.343630128568608e-05,0.00028506960931254594,8.029134281867463e-06
24.1,24.3,-0.003284329058493185,0.003284329058493185,0.0,7.86840535956913e-21,-1.6682704519431003e-06,0.00015794685590400436,0.0009698699111020204,7.641297090048102e-06
24.2,24.4,-0.003284329058493185,0.003284329058493185,0.0,7.86840535956913e-21,-1.8096420340021392e-06,0.0003790730007407951,0.0028509985392574915,0.00011872487000716909
24.3,24.5,-0.003284329058493185,0.003284329058493185,0.0,7.86840535956913e-21,-0.0001229748250900125,0.003264722101436325,0.028806675283274838,0.0005292465873201993
24.4,24.6,0.001715670941506815,0.07055454292091708,1.0,0.01,0.0001553599185013455,0.01552283766828815,0.08935725719999198,0.010334697605205785
24.5,24.7,0.04171567094150681,0.25439181826878804,2.0,0.025262553337400604,-0.0004534549241131329,0.05646451911955002,0.32147905434601004,0.019489314675754585
24.6,24.8,0.08171567094150682,0.3383082187553542,2.0,0.06090169943749482,-0.0009527381203774001,0.07432474952866351,0.32147905434601004,0.06831292746508692
24.7,24.9,0.16671567094150683,0.518550011992553,3.0,0.07668009772832117,0.0007942819913443032,0.06936554550179289,0.24162054825426416,0.08164620862162812
24.8,25.0,0.2067156709415068,0.5644744180322058,3.0,0.0429792228349927,0.00022051393749907846,0.05877751733112171,0.23926855616000753,0.030600121209016114
24.9,25.1,0.1417156709415068,0.41720298583591353,3.0,0.009999999999999929,-0.0006386795537370347,0.048555610713176905,0.18044090755834297,0.013603379761641925
25.0,25.2,0.08671567094150681,0.3153087496198539,2.0,0.03593025195604742,0.00036623795498833233,0.049905281955004446,0.2307075202780899,0.036223642842906995
25.1,25.3,0.04171567094150681,0.21145968221412817,1.0,0.023199064660563568,0.0007255349552165148,0.04432484517170705,0.2307075202780899,0.025638974147178365
25.2,25.4,0.011715670941506814,0.12211575224191867,1.0,0.01000000000000002,0.00010206807815979119,0.027158222010441792,0.11929535291822173,0.01092064300646202
25.3,25.5,0.001715670941506815,0.07055454292091708,1.0,0.009999999999999998,-0.00032055810310062605,0.01765915409924169,0.09837686187236305,0.005230957575268982
